id,text
1,I didn't know what to wear to my best friend's funeral.
2,There used to be a big cherry tree behind my house.
3,"Sometimes, books and movies made her feel things she couldn't explain."
4,My bandaid wasn't sticky anymore so it fell off on the way to school.
5,He only had one drink but he's completely wasted.
6,"In Hong Kong, everyone lives stacked together."
7,"Her parents had been separated for almost three years, but she never expected them to actually go through with the divorce."
8,These are the things that I want from a relationship.
9,"When one considers the issue from a different perspective, the answer seems to change."
10,She twisted her ankle and couldn't go to soccer anymore.
11,You can always find baked goods somewhere in my pantry.
12,The alligator's teeth were so scary that I ran back to the car as fast as I could.
13,"They sold shampoo and conditioner, but no plain soap."
14,She got a discount to buy the stickers online.
15,"Once you master cooking, you’ll start tweaking popular recipes, and that’s when it becomes even more fun."
16,Checking things off the list is the best feeling.
17,"Let's all just take a moment to breathe, please."
18,"She decided to take the bus because it was supposed to be quicker, but then it ended up being twenty minutes late."
19,She fell off the bull two seconds after she got on.
20,Rosa crossed Mary's name off the list.
21,She couldn't find the basket she was looking for.
22,What he likes best is being around his friends.
23,I found a gold coin on the playground after school today.
24,She sells Christmas trees.
25,Going to a bar is a fun thing to do.
26,She got hiccups and couldn't get rid of them for three hours.
27,Many big projects will be completed in the 21st century.
28,They will be here shortly.
29,The caffeine was making her jittery.
30,"If you go there, you will find him."
31,It’s time to watch TV.
32,They are still edible.
33,I didn’t want to take a side in the argument.
34,Captain America is my favorite Avenger.
35,Get your act together.
36,"Over time, she realized she would never know how to cook."
37,You'll move more than before.
38,He was president from 2008 to 2016.
39,The window looks out on a garden.
40,"The girl wore her hair in two braids, tied with two blue bows."
41,"Looking back, I know it was the right decision."
42,It is going to happen on Friday.
43,You must be happy.
44,I need to clean my room.
45,"I want the stability of a full-time job, but I'm not interested in the rigidity of working nine to five."
46,You have a big house.
47,"She wanted to be a professor when she was in high school, but then she realized how few academic jobs there are on the market."
48,She had a big scar on her knee from falling off her bike as a kid.
49,They may come in handy one day.
50,A wet road is usually slippery.
51,"She wanted to get gastric bypass surgery, but her insurance wouldn't cover it."
52,"Imagine I am deciding if I like some new, heretofore untasted food."
53,He earned his PhD in physics at the age of 89.
54,"In Australia, there is a store called PieFace which sells meat pies with smiley faces on them."
55,Don't go there.
56,They make wonderful walking buddies.
57,The church was white and brown and looked very old.
58,"Watch out, there's quicksand."
59,She likes to play soccer.
60,I will open the door.
61,I will have a baby in the near future.
62,That was the president on the phone.
63,"Well, that's a big surprise."
64,Every year Americans pay half a trillion in rent.
65,You have a beautiful home.
66,"I started drinking when I was sixteen, but I'm European."
67,I wish I had never gone surfing that day.
68,The professor marked down one point for every use of the word 'interesting' in a paper.
69,I won’t believe it unless I see it with my own eyes.
70,"She always worried that sings would embarrass themselves, because if she was in front of a crowd she would always be worried about embarrassing herself."
71,I don't want to drink alcohol.
72,It was so cold that no one wanted to go outside.
73,The wind was so strong it swept her hat right away.
74,I don't think I liked the movie.
75,It's been three months and his stab wound hasn't healed yet.
76,The fan is blowing in my face right now.
77,The footballers were very upset when they cancelled the game because of lightning threats.
78,Elizabeth is traveling all around the country to hear directly from people like you.
79,I'm always on time.
80,The contents of the box are listed on the label.
81,My pen broke and leaked blue ink all over my new dress.
82,Historical sites are awesome to walk through.
83,"I love bacon, eggs, and orange juice for breakfast."
84,Big Brother is watching.
85,"Pluto may not be a planet anymore, but it's a planet in my heart."
86,My biggest problem is deciding what to do next.
87,Tom asked me if he was invited to the party.
88,Her dream is to visit Paris.
89,There are eggs in the nest.
90,My shoes are blue with yellow stripes and green stars on the front.
91,He’s as proud as a peacock.
92,You'd better look before you jump.
93,I'm cutting down on sweets.
94,I have a friend whose father is the captain of a big ship.
95,Somebody help me.
96,Go sit on the roof.
97,"Please, take pity on me."
98,The squeaky wheel gets the oil.
99,Mother doesn't make things up.
100,I hope that a little bit of my soul dwindles away.
101,I have a good idea.
102,The President is back.
103,My biggest problem is deciding what I should wear.
104,She had to start saving in October so she could afford to buy Christmas presents for all her family and friends.
105,Jessica wants a new book.
106,You don't need 20 captains.
107,I advocate military action.
108,"As a child, her house was surrounded by towering oak trees which she always thought were one bad storm away from toppling."
109,It is illegal to buy and sell tigers and other big cats in the United States.
110,All the swings are empty.
111,that's not even how to kill me.
112,I went to California with my mom for a weekend girl's trip.
113,I can't swim after I drink milk.
114,A balanced diet is a cookie in each hand.
115,That was last week.
116,I like geography and science.
117,"One morning, I found an elephant in my pajamas."
118,"My mother looks a lot like my grandmother, and I look a lot like them."
119,The orange tree in her backyard was blown away by the hurricane.
120,She had a variety of masks.
121,"If I could recommend anything to try, it's my chiropractor, Hernando."
122,The bus went roaring by her window at 6 am.
123,When you are in your twenties you read Hegel.
124,Hand me the hammer.
125,The pencil broke in the middle of my test.
126,Options are limited.
127,I would not want to be in that situation.
128,She was shaking like a chihuahua.
129,She had so many books that she stacked them and used them as tables.
130,Tom gave Mary an obvious wink.
131,It's storming outside.
132,We know that everything we need to do is on the list.
133,The box was small and wrapped in paper with tiny silver and red glitter dots.
134,Hairless cats are probably cold a lot.
135,The Earth is spherical.
136,You may choose what to eat from this list.
137,You look so amazing in that red dress and heels.
138,The dog barked at the cat.
139,I was so thirsty that I couldn't wait to get a drink of water.
140,He persuaded me to take the job.
141,"When I read the list of ingredients, my stomach turned."
142,Keep your hands to yourself.
143,I own a lot of property in Beijing.
144,I didn't realize that the app was an invitation-only kind of thing.
145,I was already sorry that you had to work with Blake.
146,She was constantly looking for new jobs.
147,It's so expensive I want to die.
148,They’re as different as night and day.
149,The siblings could help each other.zfh
150,You ought to do it.
151,He knows English better than I do.
152,She liked vintage jeans because they fit her better.
153,My son is a total nightmare.
154,The peddler carried a big bundle on his back.
155,I won’t phone my friend till Bob arrives.
156,She bought a new plant even though she already had too many.
157,You took out someone you cared for.
158,The book had pictures of eyes all over the cover.
159,I'm not really a TV watcher.
160,Everything has a beginning and an end.
161,There was a point in my life when my dreams didn't seem possible.
162,"On her fifteenth birthday, her mom surprised her with a trip to Portugal."
163,She’s a walking encyclopedia of scientific facts.
164,"She wasn't sure if she liked her job or not, but she was sure it was better than being unemployed."
165,That box is too big to put in the trunk of the car.
166,He drinks more water than I do.
167,She cut the covers off of all of her books so people wouldn't want to steal them.
168,She bought a rotisserie chicken at the grocery store and its juices spilled all over the inside of her canvas bag.
169,I get on the bus.
170,My daughter does the laundry.
171,She went on a first date with the boy before she realized he was a Marxist.
172,We finished a bottle of wine between the two of us.
173,Danny drank the juice.
174,You're running a big risk in trusting him.
175,Any day will do.
176,Cows eat grass.
177,He changed his favorite color by the day.
178,"Also, they don’t eat much."
179,I can be greedy sometimes.
180,Here he comes to save the day.
181,Let's go to the mall today.
182,Pam wants to play outside because it just stopped raining.
183,I want chocolate.
184,I told him I’d spank the suitcase for being bad.
185,Tom's a lot smarter than me.
186,You're the best person I know.
187,I think you have the wrong number.
188,"He had an old pickup truck and a big, battered mower."
189,We were on the lake yesterday.
190,"She really wanted Panera, but there wasn't a store near her."
191,Paul gave me a present.
192,My small pet mouse escaped from his cage.
193,The delayed train has been an unexpected event today.
194,There is a dictionary open on the table.
195,"I'll have to blow out my gas stove for my birthday, since I don't have any candles."
196,I plan to weed the yard today.
197,The baby threw up all over her new white dress.
198,I’ve been able to cure my neighbor’s sick cat.
199,Don't even look at me.
200,Eurasia has a very rich history.
201,I have lived in Shanghai for a long time.
202,The room had green wallpaper with yellow flowers all over it.
203,I can do what you said.
204,My mom went on vacation and left my dad in charge of the house.
205,They could be together.
206,"She was hypercritical of all writers, even those who had been published and became successful."
207,"I saw some cool vintage chairs in a thrift store, but I really need to stop buying things."
208,You know what I mean.
209,She cancelled the date last minute because she was so stressed.
210,Gus and Jack are selling toys outside their house.
211,They sat in the shade of that big tree.
212,I could help mom around here.
213,Those apples are very red.
214,They want to make it bigger.
215,We can make ice cream.
216,"Nevermind, then."
217,She was the one that got away.
218,How beautiful she is.
219,"Yes, every tweet so far has been bad, but scientists are hopeful that one day we will discover a way to make good tweets."
220,The shower was too hot when I first got into it.
221,I also did not want to just close it down.
222,"I'll be back tomorrow, and we can decide together then."
223,She was born to dance.
224,The Chicago Bulls won six championships.
225,I am to blame for her death.
226,"She didn't drink, but she didn't want people to realize that, so she ordered a ginger ale at the bar."
227,There is not much to do in South Carolina other than sit on a beach.
228,I stepped into the elevator and pressed the down button.
229,I suggest you leave here at once.
230,He reminds me of your brother.
231,She fell and got a bruise on her thigh that was shaped like Texas.
232,You make me so happy.
233,We will walk in the garden later.
234,I’d be very surprised if that happened.
235,"I wanted a little more than that, to be perfectly honest, Trevor."
236,They had a very traditional doorbell.
237,The gang's all her.
238,She kept getting distracted by her own face in the camera viewfinder.
239,I spread the map on the table.
240,"He wanted to give his boyfriend a hug, but he was in Slovakia."
241,We go to a gallery every Sunday.
242,She found an old piece of paper under the fridge that had writing all over it.
243,It was a big honor to be asked to give a speech.
244,Tom knew he'd just made a big mistake.
245,He led them down the mountain.
246,She started wondering if he was cheating on her when she saw the receipt for an expensive jewelry purchase.
247,I can’t believe how right I was back then.
248,I just got hired at this restaurant.
249,He came to the point at once.
250,I was taking care of the dog.
251,It's adorable that you think I like you.
252,He was born in Tunisia but moved to Amsterdam when he was six.
253,Shape up or ship out.
254,The way you said that didn't make sense.
255,"We all want to believe that hot people aren't better than everyone else, but it's surprisingly difficult to justify philosophically."
256,The girl was wearing a denim jacket over a denim shirt and denim jeans.
257,Their efforts embarrassed them.
258,She could do it in her sleep.
259,It took quite a while.
260,"When her boss didn't respond to her text immediately, she started to panic."
261,Dozens of houses were burned down in that big fire.
262,He has been looking for this portal for decades.
263,"I don't mess around with diets; when I'm hungry, I eat."
264,She had never appreciated radio news shows.
265,I put on my slippers.
266,"When he decided to investigate the crime, he had no idea he'd learn so much about his family."
267,She’s headed to the Hockey Hall of Fame.
268,There’s a good chance it’ll rain tomorrow.
269,I like crawfish but oysters suck.
270,That is not a pencil.
271,Come on down.
272,Steve doesn't have to go if he doesn't want to.
273,They tore up the football field so they could develop the area for a new science wing.
274,She mixed up the recipes and accidentally made a beef parfait.
275,Henderson started the American Communist's Club when they were in tenth grade.
276,There is nothing about the situation I could relate to.
277,They’ll keep its name and French identity.
278,The park has a soccer field.
279,He often wished he was born in a time before social media.
280,Anakin and Padme belong together.
281,"She thought she wanted to be an editor, until she got a job and realized she hated detail work."
282,California is in America.
283,We usually eat our biggest meal of the day at noon.
284,She had a water bottle with  a built-in water filter.
285,Paying your rent is not your biggest worry.
286,"Don’t be sad, you're going to the game."
287,"It had been so long since she had seen him, she actually had to check the yearbook to remember his last name."
288,She was convinced her father was a master chef.
289,"i really enjoyed meeting you guys and experiencing the other side of catering events, but the late hours and insufficient wages deterred me from continuing this job."
290,I am on a very tight budget.
291,The movie industry became a big business.
292,Give me the big knife to cut the bread.
293,I am looking for some pears.
294,My father is in the office.
295,I will take you to the movies only if you wait for me outside.
296,You have some schoolwork to do.
297,Maybe he was brokering a deal.
298,We are all in favor of this plan.
299,It's the biggest house in the neighborhood.
300,Tom forgot his shopping list and only got half of what he wanted to.
301,His appearance terrified her and she screamed.
302,We have a long day tomorrow.
303,He didn't know who to go as for Halloween.
304,Stand up straight.
305,Don’t be nervous.
306,That is very nice of you to say.
307,"That's it, go to time-out."
308,The coach smiled at the player who tossed the frisbee.
309,I'm going to see a movie.
310,I don't know how to spell a lot of things.
311,There are chips that I want in that vending machine.
312,The cat jumped over the fence.
313,I want to ask them when their big day is.
314,My mom drove me to school fifteen minutes late on Tuesday.
315,There is nobody more powerful than someone who is extremely intelligent but also extremely humble.
316,My brother’s dog barks a lot.
317,The wind was strong today in the city.
318,My hat is cooler than Jim's.
319,That is a great idea.
320,I've got other problems.
321,Sports is one outlet to let off steam.
322,I like the Wimbledon.
323,What a big house you have.
324,Look at the blackboard.
325,You set me up and I don't appreciate it.
326,He didn't know where he was supposed to go for his interview.
327,There was a big party at Tom's place last weekend.
328,She has a beautiful smile.
329,The sirens went off in the middle of the night and woke us all up.
330,"She wants to be stronger, even if that means being meaner."
331,Skating is so much fun.
332,"You can start from the basic stitches, and go from there."
333,The chocolate chip cookies smelled so good that I ate one without asking.
334,The earth is like a ball with a big magnet in it.
335,She was very tired and frustrated.
336,She started crying after she finished the song.
337,It was very disgusting what he did to that pool.
338,He hung a picture on the wall.
339,"I wonder if she dressed herself as hastily as we did: the room still dark, neither of us awake enough to remember to turn on the light switch, the echo of the telephone bells in our ears."
340,Europe is old.
341,The taxes are included in the price.
342,Tom is now looking for a bigger house to live in.
343,This carpet is big enough to cover the whole floor.
344,You're pulling my leg.
345,Mrs. Lee’s class took a field trip to Austin.
346,"On her birthday, she decided to skip work, and instead got on a plane to Wisconsin."
347,He got a fantastic performance review.
348,He’s a bit tipsy.
349,A skirt can be fancier than jeans.
350,The key he was interested in was very old.
351,I'm taking a break from work.
352,You're already big enough to do it by yourself.
353,"Last weekend, she wanted to go to the wedding, but she wasn't sure it was safe."
354,Your reputation as an eccentric will rapidly grow in the neighborhood if you’re seen walking a pet ostrich on a leash every morning.
355,She was always worried that everyone secretly hated her.
356,My German vocabulary list is up to two thousand words now.
357,The chickens were running around and pecking worms out of the ground.
358,She’s the absolute best.
359,This big sofa is really not suitable for a small room.
360,There've been some big changes made around here recently.
361,Moving to the next step is daunting.
362,He does laundry in his basement.
363,Plenty of sleep is healthful.
364,Most big Japanese firms depend on exports.
365,I can’t make up my mind.
366,The sponge absorbed the water quicker than the towel.
367,My big brother shared his cake with me.
368,Those pants are too tight.
369,"I was scared to go to a monster movie, but my dad said he would sit with me, so we went last night."
370,I've got too much work to do.
371,Sarah will throw a big party with a lot of music.
372,I think I can hear a baby crying.
373,They wrote the specials on the chalkboard in multi-colored chalks.
374,It is all going to be all right.
375,We would move to a nicer house if we had more money.
376,We can go to the museum.
377,A lovely day isn't it.
378,Ken's uncle has a chicken farm.
379,We've been making this recipe for generations.
380,I was so mad that I yelled at him at the top of my lungs.
381,Your stance tells me.
382,You can decide before your flight here on Thursday morning.
383,Mr. Smith thinks that he's the best.
384,I was excited to spend time with my wife without being interrupted by kids.
385,We will make a snowman this winter.
386,Blood is thicker than water.
387,The snake in the grass made me jump.
388,You're making a big fuss about nothing.
389,It was raining so badly that she skidded on the pavement.
390,Good heavens you’ve grown.
391,I broke my phone.
392,I wouldn’t bet on going to the fair today.
393,The White House is important.
394,I am a football fan.
395,I am going to make my bed first.
396,He wished that time would pass faster.
397,She was scared by the earthquake.
398,"He was very excited to see her, after two months away."
399,The Communists are considered bad because they failed in carrying out their ideal of ending inequality.
400,I prefer to go rather than to stay.
401,Bigger doesn't always mean better.
402,"When she got her new ID, they hole-punched her old one."
403,"Today is Sunday, which means tomorrow is Monday and yesterday was Saturday."
404,She graduated high school in 2003.
405,"I thought I wanted to work in an office, but now I'm not so sure."
406,Cry all you want.
407,She didn't know if it was an ethical issue that she wasn't disclosing certain information.
408,His mom was so upset that he knew he couldn't tell her the truth.
409,He has quite a few friends.
410,You're making the biggest mistake of your life.
411,Michael doesn’t work.
412,I have a feeling that something big is about to happen.
413,She often exaggerates certain events to sound cool.
414,The volume was up too high on the television.
415,This is the biggest bookstore in town.
416,He is bigger than all the other boys.
417,I was so thirsty I couldn't wait to get a drink of water.
418,He writes meaningless letters.
419,"He didn't want to go to the party, but he had already said he would go."
420,Tom is taller than you are.
421,She is with another man.
422,You must have a huge family.
423,I like cucumbers and olives.
424,We have a big oak tree in our backyard.
425,Bad news travels fast.
426,One of the big issues in the campaign was taxes.
427,Tragedy brings hope.
428,He asked if she wanted room for cream in her coffee.
429,They will arrive in half an hour.
430,She was determined to summit Mount Everest before she turned twenty-nine.
431,I was thinking of going round your place.
432,I love eating toasted cheese and tuna sandwiches.
433,If you like tuna and tomato sauce- try combining the two. It’s really not as bad as it sounds.
434,Someone I know recently combined Maple Syrup & buttered Popcorn thinking it would taste like caramel popcorn. It didn’t and they don’t recommend anyone else do it either.
435,"Sometimes, all you need to do is completely make an ass of yourself and laugh it off to realise that life isn’t so bad after all."
436,When I was little I had a car door slammed shut on my hand and I still remember it quite vividly.
437,The clock within this blog and the clock on my laptop are 1 hour different from each other.
438,They were excited to see their first sloth.
439,The wake behind the boat told of the past while the open sea for told life in the unknown future.
440,Even though he thought the world was flat he didn’t see the irony of wanting to travel around the world.
441,He wondered if it could be called a beach if there was no sand.
442,"Thigh-high in the water, the fisherman’s hope for dinner soon turned to despair."
443,Combines are no longer just for farms.
444,The small white buoys marked the location of hundreds of crab pots.
445,The snow-covered path was no help in finding his way out of the back-country.
446,The waitress was not amused when he ordered green eggs and ham.
447,"Buried deep in the snow, he hoped his batteries were fresh in his avalanche beacon."
448,Courage and stupidity were all he had.
449,I don’t respect anybody who can’t tell the difference between Pepsi and Coke.
450,"As the years pass by, we all know owners look more and more like their dogs."
451,"In hopes of finding out the truth, he entered the one-room library."
452,As he entered the church he could hear the soft voice of someone whispering into a cell phone.
453,He quietly entered the museum as the super bowl started.
454,He had concluded that pigs must be able to fly in Hog Heaven.
455,The rain pelted the windshield as the darkness engulfed us.
456,Beach-combing replaced wine tasting as his new obsession.
457,The blinking lights of the antenna tower came into focus just as I heard a loud snap.
458,People generally approve of dogs eating cat food but not cats eating dog food.
459,"Car safety systems have come a long way, but he was out to prove they could be outsmarted."
460,They looked up at the sky and saw a million stars.
461,She opened up her third bottle of wine of the night.
462,"With a single flip of the coin, his life changed forever."
463,"The tart lemonade quenched her thirst, but not her longing."
464,Flying fish few by the space station.
465,He colored deep space a soft yellow.
466,Dan ate the clouds like cotton candy.
467,He found a leprechaun in his walnut shell.
468,Bill ran from the giraffe toward the dolphin.
469,It didn't make sense unless you had the power to eat colors.
470,Patricia loves the sound of nails strongly pressed against the chalkboard.
471,He didn't understand why the bird wanted to ride the bicycle.
472,Garlic ice-cream was her favorite.
473,Smoky the Bear secretly started the fires.
474,Pat ordered a ghost pepper pie.
475,"You have every right to be angry, but that doesn't give you the right to be mean."
476,Andy loved to sleep on a bed of nails.
477,Her daily goal was to improve on yesterday.
478,She had a habit of taking showers in lemonade.
479,The elephant didn't want to talk about the person in the room.
480,The skeleton had skeletons of his own in the closet.
481,The Oscar ceremonies are Hollywood's biggest extravaganza.
482,She learned the different types of clouds in second grade.
483,Sometimes I get confused where the ball went.
484,We go to the gym club together.
485,We've been trying to go there for so long.
486,I haven’t been invited.
487,This room is just about big enough.
488,The giraffe licked the tree and spat at the gorilla.
489,That will do.
490,She doesn’t see Peter every day.
491,The conversion rate of USD to Chinese RMB is approximately 1:6.
492,We cook every day.
493,I’m left wondering if she understood the joke.
494,Wiggle your fingers.
495,Tokyo is bigger than Rome.
496,He plays the violin as well as the fiddle.
497,His speech covered many subjects.
498,My hands are too big to fit into these gloves.
499,People are really out there thinking we can stop fascism by pointing out that they made factually inaccurate statements somewhere along the way.
500,Robert tends to talk big.
501,I have a whole list of people to call.
502,He wore a red shirt and khakis to Target and was mistaken for an employee.
503,It could possibly become a big problem.
504,She wanted to be a tutor but had a hard time getting started.
505,The kids were smiling from ear to ear.
506,The nurse asked me which medications I was taking.
507,Tom didn't want to take such a big risk.
508,She told him to grow up.
509,Albert is so cute.
510,"She thought squirrels tasted gross, but if she complained, her parents would yell at her."
511,"She meant to go to Gaborone, but mixed up Botswana and Zimbabwe and ended up in Harare instead."
512,I've never seen a whale that big.
513,We weren't in the best place.
514,Good location choice.
515,People love Chicago.
516,He looked like a candy cane.
517,She froze at the sight of the big spider.
518,They called each other over the iPad each morning during breakfast.
519,Problem solving is important.
520,Every store around her seemed to have retail space for lease.
521,Tom just got that big promotion he's been waiting for.
522,I don’t hate you.
523,The dog chased the cat around the block four times.
524,Mary is a fan of theirs.
525,The job was bigger than I anticipated.
526,The papers say that there was a big fire in Nagoya.
527,"When I ripped the tape off, it hurt."
528,This dress is too big for me.
529,I can make my own decisions.
530,I don't think the house is as big as we hoped.
531,"The chandelier swayed in the breeze, sending dust drifting over the tables."
532,There's a big package on the desk for you.
533,He resolved to give up smoking.
534,The big fire reduced the whole town to ashes.
535,This is my younger brother.
536,I will not open the door.
537,"The bigger they are, the harder they fall."
538,I want a big happy family.
539,They live in a beautiful house.
540,She became homeless after she was evicted.
541,She regretted not going until she saw the pictures they posted of the meet-up and realized she would have been the only woman there.
542,"We're leaving in ten minutes, whether you're dressed or not."
543,I am a little mad right now.
544,I am having his baby.
545,Animal print adds a nice touch to plain outfits.
546,I am on the phone.
547,She didn't understand the appeal of hardwood floors.
548,I check off each task on my list as soon as I complete it.
549,His story is fishy.
550,He didn't mean to smash the window.
551,he has skipped school on many occasions.
552,We're no different from anyone else.
553,I have a feeling the boss won’t be happy about this.
554,Wearing long sleeves in the winter is a good idea.
555,You’re a fantastic cook.
556,I had a beta fish.
557,I'm on the list.
558,It's so sunny outside.
559,Nobody ever believed her when she told them how big her family was.
560,She went to Oktoberfest and got drunk on half a stein of beer.
561,The Nazis are considered bad because they succeeded in carrying out their ideal of ending the Jews.
562,A candle can be fake or real.
563,You would somehow manage to make yourself understood.
564,It could be the biggest mistake you ever make.
565,We have group fitness classes.
566,"One day, maybe, she'd be interested, but not right now."
567,I thought about possibly taking it over myself.
568,The woman wasn't replying to her emails.
569,Tom had big money problems.
570,They saw giraffes.
571,I’ve asked you a thousand times not to leave your dirty socks on the floor.
572,It is very useful to listen to Lesson One again.
573,I could be proposing next week.
574,I’m reconsidering my decision to get such an expensive car.
575,He snuck into the house after midnight to investigate.
576,Tom recognized three of the names on the list.
577,"The bike shop had special bike racks out front, which were shaped like bicycle wheels."
578,I want to be married.
579,She hated the taste of butter so much that it made her gag.
580,We are starting to enter a new chapter.
581,"You’ll get a chance to come closer to nature, meet lots of different animals, birds, and plants."
582,"When you enter a room, smile and say hello."
583,You need to look at the big picture here.
584,Yesterday's board meeting was a big success.
585,He recommended the scary book to me.
586,I had to check Facebook to figure out her last name.
587,He used a big piece of paper to make the bag.
588,They painted the coffee shop ceiling black.
589,I expect to be there this evening.
590,We generally sing songs all together.
591,She felt bad about constantly complaining about her friends but they were driving her insane.
592,"She sat next to a mom with a baby on the train, and the baby threw up on her."
593,He wanted to go for a walk but it was too cold to go outside.
594,"In Japan, there is no lake bigger than Lake Biwa."
595,I'm always late and I don't care.
596,Grief is a ritual.
597,Peter ate french fries.
598,"It's a big country, Tom."
599,"She got Taco Bell for lunch to try to cheer herself up, but it only made her more upset."
600,There's a big bottle of aspirin in the medicine cabinet.
601,The clock was ticking and kept me awake all night.
602,Judith Jarvis Thompson is the best philosopher of all time.
603,He said the telegram had arrived at noon.
604,"She liked the wallpaper in her room, but her mom insisted they remove it and put up paint instead."
605,He was a horrible dancer.
606,"That's a great job, Kimberly."
607,I don't care how long your socks are.
608,Aluminum helps to keep your food fresh for longer.
609,Technology makes us forget our past.
610,"At the coffee shop, she couldn't tell if they were annoyed with her or not."
611,I accidentally left my money in my pants pocket and it got ruined in the washer.
612,"The girl had very long, very pretty hair and round glasses."
613,Chocolate covered crickets were his favorite snack.
614,"The secret code they created made no sense, even to them."
615,"Three years later, the coffin was still full of Jello."
616,His mind was blown that there was nothing in space except space itself.
617,They're playing the piano while flying in the plane.
618,The hand sanitizer was actually clear glue.
619,The lyrics of the song sounded like fingernails on a chalkboard.
620,It took him a month to finish the meal.
621,"Seek success, but always be prepared for random cats."
622,Having no hair made him look even hairier.
623,He poured rocks in the dungeon of his mind.
624,The blue parrot drove by the hitchhiking mongoose.
625,Happiness can be found in the depths of chocolate pudding.
626,There are no heroes in a punk rock band.
627,He shaved the peach to prove a point.
628,"Peanuts don't grow on trees, but cashews do."
629,It's difficult to understand the lengths he'd go to remain short.
630,He created a pig burger out of beef.
631,His thought process was on so many levels that he gave himself a phobia of heights.
632,He liked to play with words in the bathtub.
633,There were three sphered rocks congregating in a cubed room.
634,There was no telling what thoughts would come from the machine.
635,He put heat on the wound to see what would grow.
636,She used her own hair in the soup to give it more flavor.
637,Sometimes you have to just give up and win by cheating.
638,She was amazed by the large chunks of ice washing up on the beach.
639,Gary didn't understand why Doug went upstairs to get one dollar bills when he invited him to go cow tipping.
640,The beach was crowded with snow leopards.
641,"As the asteroid hurtled toward earth, Becky was upset her dentist appointment had been canceled."
642,She looked at the masterpiece hanging in the museum but all she could think is that her five-year-old could do better.
643,The white water rafting trip was suddenly halted by the unexpected brick wall.
644,She always had an interesting perspective on why the world must be flat.
645,There are many things that confuse me about that.
646,He is my grandfather.
647,You shouldn't go swimming after eating a big meal.
648,They have a big lunch and a small dinner.
649,She attended kindergarten in 2013.
650,I’m taking a little road trip to Oklahoma City this morning.
651,He admitted defeat.
652,"You, as the maker, get to decide the design."
653,"She thought she was very special, and not like other girls."
654,The man at the coffeeshop had been sitting there alone for some time before he was joined by a very beautiful woman.
655,I do not want to smoke.
656,Those are big watermelons.
657,We shall devote today’s lesson to the study of the English verb ‘to get’.
658,There’s not much chance of that actually happening.
659,You are more than just your shopping cart.
660,"She had always harbored a secret jealousy for Youtubers, even those who appeared outwardly dumb and were often mocked on Twitter."
661,It makes me forget all my problems.
662,He bonded with his father over music.
663,"She paid over a thousand dollars a month for her tiny studio apartment, which did not have a dishwasher or consistent heating."
664,There is a lot of crime in big cities.
665,"With these headphones, I can't hear anything."
666,"She wanted her grandmother's old bike, but the tires were worn out and she couldn't find a shop that could replace them."
667,"Today, I met a vampire who liked to eat beets."
668,Alex works for 4 hours every day.
669,I got a smoothie while I was waiting for my plane to arrive.
670,The old man liked to watch birds and go hunting for squirrels.
671,It rather suprised me.
672,Tom wanted to live in a city like Boston.
673,The red van was pulling a trailer with a beat-up lawn mower on it.
674,Nobody is out there trying to be happy.
675,Most of the people who agreed to sell their livers had already sold one of their kidneys.
676,This would be a fun place to get married.
677,The kid had made it his mission to pee in every pool he swam in.
678,There is nothing else to do today.
679,She will buy the red sweater.
680,She gave me a dirty look.
681,I just made it.
682,The package will arrive six days late.
683,He kept telling himself that one day it would all somehow make sense.
684,She moved forward only because she trusted that the ending she now was going through must be followed by a new beginning.
685,"While all her friends were positive that Mary had a sixth sense, she knew she actually had a seventh sense."
686,He had a wall full of masks so she could wear a different face every day.
687,The group quickly understood that toxic waste was the most effective barrier to use against the zombies.
688,"There have been days when I wished to be separated from my body, but today wasn’t one of those days."
689,"To the surprise of everyone, the Rapture happened yesterday but it didn't quite go as expected."
690,The bullet pierced the window shattering it before missing Danny's head by mere millimeters.
691,The complicated school homework left the parents trying to help their kids quite confused.
692,Too many prisons have become early coffins.
693,I often wish for good luck and receive bad luck.
694,I got a new cat.
695,I was born a very grumpy baby.
696,These dogs are so sweet.
697,You need therapy.
698,The price just covers the pre-tax cost.
699,Utensils are useful.
700,She knew as soon as she rejected the job that it was the wrong decision to make.
701,"As a kid, she thought that dinosaurs were still alive and lived in the woods behind her house."
702,"In Shanghai, there is a tower called the Pearl Tower which has a big round base and a pointed tip."
703,She found a cool vintage sweatshirt while thrifting.
704,I'll make a list and give it to Samantha.
705,She got bent out of shape.
706,Therapy seems helpful.
707,I bought these boots at Goodwill.
708,"He is tough, but I am even tougher."
709,The external scars tell only part of the story.
710,Excitement replaced fear until the final moment.
711,The tattered work gloves speak of the many hours of hard labor he endured throughout his life.
712,The hummingbird's wings blurred while it eagerly sipped the sugar water from the feeder.
713,Poison ivy grew through the fence they said was impenetrable.
714,She forgot to water the plant for two months.
715,This car is in good condition.
716,"The tape was so sticky that, when it got stuck to my eyebrows, it wouldn't come off."
717,I am Loki.
718,She is my grandmother.
719,It’s as flat as a pancake.
720,I like rice and beans for dinner.
721,No burglar would ever have the heart to hurt a pet pig.
722,I had a bad feeling the morning after drinking too much.
723,He had always wanted to be a Youtuber but never thought it would actually happen.
724,I like veggies too.
725,She’s trying to drown her sorrows.
726,His shirt is covered in sweat.
727,"The Grand Canyon got snow for the first time in decades, and all the tourists were very excited."
728,She has blue eyes.
729,That woman is creepy.
730,I wish Star Wars had a happier plot.
731,Tom stood alone under a clock in the deserted train station.
732,We look forward to your visit.
733,She had a hard time finding laundry detergent when she was traveling.
734,I want white teeth.
735,I have a question I need to ask everyone.
736,Racecar backwards is racecar.
737,I don't want to live in a mansion.
738,Tom started a list so he wouldn't forget anything.
739,School violence is a major problem.
740,Big men are not always strong.
741,He uses the snorkel to breathe under water.
742,They had been dating for seven years by the time they got engaged.
743,She wanted to get a master's degree because she missed school.
744,I can't find the page you're talking about.
745,He strives to keep the best lawn in the neighborhood.
746,The spa attendant applied the deep cleaning mask to the gentleman’s back.
747,Shingle color was not something the couple had ever talked about.
748,"The sunblock was handed to the girl before practice, but the burned skin was proof she did not apply it."
749,The virus had powers none of us knew existed.
750,A quiet house is nice until you are ordered to stay in it for months.
751,"If there is a big earthquake, the alarm will sound."
752,Tom didn't tell us how big your house was.
753,"The coffee shop didn't have liquid sugar for her iced tea, so she had to use sugar packets."
754,"Her mother offered to send her money every month, but she was too embarrassed to accept it."
755,He’s as mad as a hornet.
756,Tommy lost the shopping list his mother had given him and just bought things he wanted to eat.
757,Tom answered all the questions on the list.
758,I wish I had met my uncle yesterday like I was supposed to.
759,All the names are listed in alphabetical order.
760,we won’t be taking you with us.
761,Glazed donuts are amazing.
762,He has a very interesting looking face.
763,No woman would buy that.
764,She liked the feeling of the keyboard under her fingers.
765,Democracy over what we work on is called socialist.
766,"She learned that water bottles are no longer just to hold liquid, but they're also status symbols."
767,Their argument could be heard across the parking lot.
768,Giving directions that the mountains are to the west only works when you can see them.
769,Traveling became almost extinct during the pandemic.
770,"It was obvious she was hot, sweaty, and tired."
771,The Great Dane looked more like a horse than a dog.
772,He played the game as if his life depended on it and the truth was that it did.
773,It's not possible to convince a monkey to give you a banana by promising it infinite bananas when they die.
774,He went on a whiskey diet and immediately lost three days.
775,He watched the dancing piglets with panda bear tummies in the swimming pool.
776,Martha came to the conclusion that shake weights are a great gift for any occasion.
777,"The stained glass window had slivers of yellow, orange, and red."
778,Hayley Wickenheiser is an incredible human being.
779,My boyfriend loves this song.
780,She wasn't sure if she had made a stupid decision or not.
781,She took offense at his comment.
782,You can decide which smoothie place we go to.
783,A big car drew up and a tall lady got out.
784,There were so many cookies leftover.
785,That movie franchise sucks.
786,I'm a fan of American cooking.
787,My family just got home.
788,"Tom could be a big help to you, I think."
789,The train does not leave at 8AM.
790,Bobsled is a sporting event.
791,The car crash was so instantaneous that I barely had time to process it.
792,I always list what I need before I go shopping.
793,The businessman had many important meetings.
794,She promised she would reserve a room for me.
795,I want your life to be better than mine was.
796,You go on a holiday every summer.
797,The risk is higher if you wait to go to the hospital.
798,Odds are that he is cheating on her.
799,Tokyo is a very large city.
800,I especially appreciate how helpful and kind you’ve been throughout this entire process.
801,I’m having second thoughts about getting married so soon.
802,The technology is unbeatable.
803,"She thought the new Dune movie was dull, but her boss loved it."
804,I am afraid of tornados.
805,She resolved to stop speaking out people when she was out on her walks.
806,Today is a great day.
807,A man from my future came to me today.
808,The peanut butter jar was hard to open.
809,I had just gotten the face where I wanted it when my classmate bumped into me and the clay fell over.
810,They were afraid of the black dog.
811,"Since the moment I first put on the suit, it’s been the greatest gig of my life."
812,I entered Tom's name on the list of candidates.
813,The big ugly tree destroys the beauty of the house.
814,"On her seventeenth birthday, she jumped from her house's third-floor balcony."
815,This could become a problem.
816,She hated first dates.
817,"In China, they eat watermelon with salt on it, because they say it makes things taste sweeter."
818,"I got my hair cut today, and they cut it way too short."
819,"I put on my underclothes, shirt and trousers."
820,The mother read a story to her son.
821,Tom's one main ambition in life was to become a race car driver.
822,There was a big earthquake last night.
823,The first baseman caught the fly ball.
824,Karl Marx actually thought that under capitalism poets would be able to find work that paid wages.
825,I’m sorry to interrupt you.
826,My favorite snack is pretzels.
827,She dreamed an evil henchman was forcing her to count every single hair on her head.
828,Our house is a historic building and protected monument.
829,You don't need to leave so early.
830,I have been trying to say this for awhile.
831,He bought Traveler's Choice instant coffee because it was cheaper than the other brands.
832,Northwestern is a great school.
833,He ordered a latte.
834,I have the flowers.
835,My biggest problem is deciding what I should do next.
836,I've made a list of people I need to talk to.
837,She’s as white as a sheet.
838,We are completely in love.
839,Today is the day I'll finally know what brick tastes like.
840,"People keep telling me ""orange"" but I still prefer ""pink""."
841,"Hang on, my kittens are scratching at the bathtub and they'll upset by the lack of biscuits."
842,"The tears of a clown make my lipstick run, but my shower cap is still intact."
843,The gloves protect my feet from excess work.
844,The fog was so dense even a laser decided it wasn't worth the effort.
845,He was an introvert that extroverts seemed to love.
846,The golden retriever loved the fireworks each Fourth of July.
847,"I want a giraffe, but I'm a turtle eating waffles."
848,Henry couldn't decide if he was an auto mechanic or a priest.
849,100 years old is such a young age if you happen to be a bristlecone pine.
850,"When he asked her favorite number, she answered without hesitation that it was diamonds."
851,My biggest joy is roasting almonds while stalking prey.
852,Edith could decide if she should paint her teeth or brush her nails.
853,It was the first time he had ever seen someone cook dinner on an elephant.
854,Purple is the best city in the forest.
855,There is no better feeling than staring at a wall with closed eyes.
856,She couldn't understand why nobody else could see that the sky is full of cotton candy.
857,He decided to count all the sand on the beach as a hobby.
858,My uncle's favorite pastime was building cars out of noodles.
859,The best part of marriage is animal crackers with peanut butter.
860,I'll talk you through every step of the aquatic soccer game.
861,"It’s difficult to say, but I think our customers are more satisfied."
862,He is my father.
863,I have no doubt that you’re going to nail this interview.
864,The train was forty-seven minutes late.
865,He was so surprised that he dropped the dumbbells right on his foot.
866,"She had always wanted to be a boxer, but was so weak that she never made it more than a class or two before giving up."
867,She meant the world to me.
868,I’m also too poor to afford a real office.
869,I drink less water than him.
870,She spent over $300 on masks alone in 2020.
871,Whitening your teeth can be bad for them.
872,English Speaking Courses are the hardest ones.
873,My home is bright pink and has yellow flowers growing all around it.
874,I just saw the most eccentric brick.
875,She tried to make chicken but she must have put the wrong thing in because it came out of the oven bright green.
876,"Yes, you can have a carry on."
877,I have 30 jackets.
878,They'll show you the way home when you’re drunk.
879,She threw her back out.
880,Tom Jackson was one of the names I recognized on that list.
881,It's not such a big problem You're worrying way too much.
882,I want someone who is going to inspire me.
883,The beekeeper was so confident that she didn't bother to wear protective gear.
884,"No, I can't clean your house It's too big.."
885,I can't believe you went skydiving last week.
886,She was very tired as a general rule.
887,"She painted her face purple for Halloween, so she could go as a grape."
888,I will never forget that day.
889,He is my elder brother.
890,"Her mom was a musical theater actress, which got her interested in singing."
891,Selling hand-made objects is the main source of income for locals.
892,You're not looking at the big picture.
893,I do not like zoos.
894,I've been a big fan of yours for a long time.
895,Everyone who got eliminated in red-light green-light got to go inside and eat cookies.
896,I could eat avocados for thee rest of my life.
897,Juan watched TV.
898,It's a significant part of history.
899,My mom is from China.
900,His grandmother loved his paintings so much that she tried to sell them to her friends.
901,My brother just got home.
902,She became more and more beautiful.
903,I don't like close spaces.
904,I'm going to crash at your place.
905,These shoes are just way too large.
906,We didn't sleep all night because we were talking.
907,You might want to consider how cute they look in pajamas.
908,I had to put a pin in his femur.
909,Being fashionable is easy.
910,I've got rough hands.
911,I just passed the funniest bridge.
912,I made very short work of the big steak.
913,Knowledge is power.
914,She’s as sick as a dog.
915,"She wasn't as productive as she was hoping, partially because she didn't have much work to do."
916,You have to take the good with the bad.
917,Everybody is expecting a bonus.
918,Water damage sucks.
919,The broken leg isn't Tom's biggest problem.
920,I owe you a big one for getting me out of the jam.
921,what I remember is that she was with us at 8 pm.
922,I feel like I am going to pass out.
923,I had dinner with George Washington last night.
924,This ship is too big to pass through the canal.
925,I added his name to the book.
926,He liked chocolate and banana milkshakes because his mom used to make them when he was sick.
927,This lasagna is delicious.
928,Naps make me feel lazy.
929,We have a big stove which keeps us very toasty.
930,She created an app to match zombies with willing victims.
931,He has a weird mouth.
932,Ask no questions and hear no lies.
933,It’s bound to happen eventually.
934,I go back to bedroom.
935,I made some steak.
936,Her mom asked her to come home for Christmas.
937,She likes to swing at the playground.
938,Thank you very much for your hospitality.
939,There used to be a big cherry tree in the garden.
940,She constantly worried about accidentally burning her house down.
941,Daya chose a song from the list to sing.
942,I think I could fall asleep really quickly.
943,You may take either the big box or the small one.
944,She was dressed like a rabbit.
945,Mary enjoys cooking.
946,It was a maze of rubber wiring.
947,I can’t get this lift to work.
948,He has a nice restaurant near the lake.
949,Here is David with his guitar.
950,He went fast down the slide.
951,"She hated chocolate chip cookies, but she loved gingersnaps."
952,"She bought a massive pack of toilet paper from Costco, which lasted her three months."
953,She went over to see if her name was there.
954,As luck would have it I found a pen at the bottom of my bag.
955,I imagine you think of this activity as something characters from a Jane Austin novel did.
956,She desperately wanted to meet an alien before she died.
957,I am extra ticklish for some reason.
958,She likes parties.
959,I seriously doubt she actually believes you.
960,I am the biggest Ariana Grande fan on the planet.
961,I know that there was a big church here.
962,The enemy destroyed the city.
963,We see them every week.
964,There are many theories regarding the origins of language.
965,I just walked on thee coolest pillow.
966,Dad is going to work.
967,I have a bunch of things I need to do.
968,She is a composer for the harp.
969,The cat coughed up a hairball that was almost the same size as she was.
970,"My lunch included a peanut butter sandwich, crackers, juice, and a cheese stick."
971,The cruise cut through the Bermuda Triangle.
972,He was very scared when he saw this big snake.
973,I put my headphones on and listened to some smooth jazz.
974,You need to be able to justify why you're wearing yellow socks in a formal environment.
975,The Pearl Tower in Shanghai is one of the most memorable sites in China.
976,I couldn’t tear myself away from you even if I tried.
977,Tom has some pretty big shoes to fill.
978,He wears suspenders instead of a belt.
979,We are buzzing on this espresso.
980,"She waited until the elevator was full to clear her throat and say, “You guys might be wondering why I called this meeting."
981,He goes to football every day.
982,They go to a gallery every Saturday.
983,I want to have my name taken off the list.
984,The advanced technology is what sold me.
985,I just think he didn't execute it the way he needed to today.
986,Her face turned red because she was embarrassed.
987,I have one big brother and two little sisters.
988,The hockey rink was on the other side of the campus.
989,Sam felt sick after eating five huge candy bars.
990,It's the size of a golf ball.
991,Nothing beats a big glass of beer in summer.
992,My cat runs very fast.
993,Tom lives in a white house.
994,He had a sore throat so I gave him my bottle of water and told him to keep it.
995,He was wearing a vest.
996,"Her hat was green, her mittens were yellow, and her coat was orange."
997,Lions and tigers are called big cats.
998,Nikita is a perfectly respectable businessman.
999,What you're suggesting is just not practical.
1000,she’s lying or at least not telling the entire truth.
